INSERT INTO Customer (CustomerID, Name, Password, PhoneNumber, Email, Activated, DateOfBirth) VALUES
(756,'Brianna Warren','nulla.','(09) 7842 1323','briannawarren@justo.edu','False','09/08/1998'),
(376,'Kaitlin Patel','elit,','(05) 7402 6028','kaitlin.patel@convallisconvallisdolor.edu','True','02/08/1984'),
(797,'Kendall Roman','luctus','(02) 7933 5071','kendallroman1@rhoncusNullamvelit.ca','True','12/04/1993'),
(262,'Madaline Cantrell','Donec','(05) 7549 0202','madaline.c.cantrell@molestie.edu','False','06/03/1996'),
(435,'Elliott Hampton','odio.','(09) 1393 8890','elliotthampton@lectus.org','False','10/07/1997'),
(508,'Roth Jefferson','Phasellus','(02) 6625 0672','roth123@ullamcorper.com','False','11/05/2000'),
(972,'Travis Munoz','Sed','(04) 9891 7674','munoz465@fermentum.edu','False','03/10/1985'),
(187,'Lacy Patrick','Nullam','(01) 8195 3027','lacy.patrick@idsapienCras.ca','False','12/07/1986'),
(737,'Olympia Calderon','neque','(02) 0472 1883','olympia.c@dignissimpharetra.edu','False','03/10/1983'),
(798,'Scarlett Ramsey','risus.','(04) 8151 2419','s.ramsey12@euismodurna.edu','True','05/02/1989'),
(286,'Tatyana Moon','lacinia','(04) 9967 2427','tatyama.a.m@lectus.com','True','02/04/1999'),
(870,'Preston Mercer','nibh','(07) 1698 2734','preston@fringilla.org','True','12/12/1986'),
(625,'Kieran Bentley','Etiam','(07) 6232 6730','bentleykieran@Phasellusvitaemauris.net','False','12/04/1995'),
(584,'Autumn Luna','Cras','(07) 1650 1401','autumn.luna@congueaaliquet.edu','True','04/10/1997'),
(695,'Victor Farley','eget','(02) 7598 8137','vic12@lacinia.net','True','09/11/1996'),
(184,'Martena Franklin','penatibus','(04) 6809 7696','martena.franklin@morbisitamet.net','False','03/04/1993'),
(136,'Fitzgerald Hobbs','odio.','(04) 3916 6598','hobbs.f@fuscemi.org','True','04/02/1990'),
(401,'Marny Wooten','pulvinar','(03) 7509 1499','marny.s.wooten3@ipsum.com','False','11/03/1989'),
(837,'Nathaniel Woodward','Sed','(03) 5644 3264','nathaniel.woodward@magnaCras.net','True','06/10/1998'),
(337,'Ima Stanley','feugiat.','(08) 5943 0330','ima123@ligula.co.uk','True','08/11/1995');

INSERT INTO Staff (StaffID, Name, Password, Email, PhoneNumber, AccountType) VALUES
(624,'Blossom Navarro','ipsum','feugiat.metus@magnaPraesentinterdum.edu','(06) 2624 7462',1),
(919,'Yoshio Downs','elit,','Nulla@Maecenaslibero.co.uk','(07) 0512 0066',0),
(769,'Jelani Ratliff','faucibus','Cum@Suspendisse.com','(07) 3438 0249',1),
(745,'Mia Wolfe','malesuada','in@lacinia.co.uk','(04) 3847 2496',0),
(135,'Martha Carlson','Mauris','mauris.erat@loremeumetus.net','(02) 8187 6532',0),
(881,'Eagan Terry','quis,','ligula.tortor.dictum@inmagnaPhasellus.org','(01) 6457 6736',1),
(733,'Dolan Robertson','ligula.','dis.parturient@utlacus.org','(04) 0943 7348',1),
(447,'Griffith Harrell','ut','bibendum.sed.est@aliquamarcu.com','(02) 2996 4415',1),
(786,'Paula Hansen','natoque','Suspendisse.commodo@euultricessit.org','(07) 3515 0151',0),
(125,'Jillian Adkins','vulputate','eu.odio.Phasellus@blanditmattis.co.uk','(01) 0448 1577',1),
(856,'Ifeoma Rocha','urna','et.netus@laoreet.ca','(07) 0592 9252',0),
(956,'Robin Santana','auctor','facilisis.eget@faucibusorciluctus.edu','(07) 0616 3232',1),
(514,'Conan Good','varius','Vivamus.nibh@justo.edu','(02) 6172 9546',0),
(115,'Jaden Lawson','erat','diam@ProinmiAliquam.co.uk','(01) 1775 4723',0),
(829,'Lewis Gilmore','Phasellus','sapien.Nunc.pulvinar@Nulla.edu','(09) 7827 3251',1),
(337,'Vera Dickerson','pede','gravida.Aliquam@interdumCurabiturdictum.com','(06) 2219 9583',1),
(928,'Hanae Mayer','fringilla','eleifend.egestas.Sed@semperet.edu','(06) 3442 1821',0),
(433,'Aidan Bartlett','blandit','at.arcu@ligulaeuenim.com','(05) 1374 7814',1),
(632,'Haley Sherman','penatibus','feugiat@doloregestas.com','(02) 4574 6975',1),
(119,'Kyra Little','ante','quis.tristique.ac@semperauctor.ca','(02) 8946 7676',0);

INSERT INTO Category (CategoryID, Name) VALUES
(100, 'Antennas'),
(101, 'Computers'),
(102, 'Components'),
(103, 'Development Platforms'),
(104, 'Gateways'),
(105, 'Peripheral Modules'),
(106, 'Security'),
(107, 'Sensors'),
(108, 'Tools'),
(109, 'Kits'),
(110, 'Devices'),
(111, 'Motors'),
(112, 'Wiring'),
(113, 'Actuators'),
(114, 'Lights'),
(115, 'GPS'),
(116, 'Accessories'),
(117, 'Power'),
(118, 'Tape'),
(119, 'Clock');

INSERT INTO Product (ProductID, Name, Stock, Description, CategoryID, Brand, Price) VALUES
(100, 'Globalsat Temperature & Humidity Sensor', 15, 'Senses temperature', 107, 'Globalsat', 300.00),
(101, 'XOR Gate', 133, 'Provides basic XOR functionality', 112 , 'Enovo', 12.00),
(102, 'AND Gate', 156, 'Provides basic AND functionality', 112, 'Enovo', 12.00),
(103, 'OR Gate', 465, 'Provides basic OR functionality', 112, 'Enovo', 12.00),
(104, 'NOT Gate', 32, 'Provides basic NOT functionality', 112, 'Enovo', 12.00),
(105, 'Temperature Sensor', 21, 'Senses temperatures from -100C to 150C', 107, 'Samsara', 30.50),
(106, 'Red LED Light', 845, 'Red LED light with brightness of 30 lum', 114, 'Inspire', 11.50),
(107, 'Blue LED Light', 1230, 'Blue LED light with brightness of 30 lum', 114, 'Inspire', 11.50),
(108, 'Yellow LED Light', 654, 'Yellow LED light with brightness of 30 lum', 114, 'Inspire', 11.50),
(109, 'Green LED Light', 135, 'Green LED light with brightness of 30 lum', 114, 'Inspire', 11.50),
(110, 'Purple LED Light', 146, 'Purple LED light with brightness of 30 lum', 114, 'Inspire', 11.50),
(111, 'Positional Servomotor', 13, 'Positional Servomotor capable of 180 degree rotation at a torque ratio of 3', 111, 'Tive', 79.00),
(112, 'Continuous Servomotor', 4, 'Continuous Servomotor capable of unlimited rotation at a torque ratio of 3.5', 111, 'Tive', 85.00),
(113, 'Linear Servomotor', 6, 'Linear Servomotor capable of discrete movement with a torque ratio of 2', 111, 'Tive', 65.00),
(114, '30MP Imaging Camera', 9, 'Imaging Camera with 30MP lens and full colour', 107, 'Simplisafe', 265.00),
(115, 'Digital Clock', 46, 'Basic programmble digital clock with custom display', 119, 'Enovo', 31.00),
(116, 'Beginner Arduino Kit', 7, 'Beginner Arduino Kit perfect for anyone new to IoT', 109, 'Arduino', 150.00),
(117, 'IoT Tool Set', 14, 'Stainless steel tool set', 108, 'IoTEssentials', 65.00),
(118, '5V 2A Transformer', 66, '5V 2A Transformer from 240V', 117, 'IoTEssentials', 58.00),
(119, '30m Electrical Tape (5mm thick)', 198, '30m electrical tape with thickness of 5mm', 118, 'IoTEssentials', 20.00);

--INSERT INTO "ORDER" (OrderID, CustomerID, OrderedDate, Status, ShippedDate, TotalPrice, FilfilledBy, AddressID, Address, PaymentID, Paid, DatePaid) VALUES
--();